,OBJECTID,NAMEENG,NAMEAR,CF_PHONE,CF_EMAIL,CF_FAX,CF_POBOX,CF_URL,FACILITYTYPE,FACILITYSUBTYPE,NUMBERBEDS,SPECIALITY,DAYSURG,CLASS,HR24,EMERGDEPT,OPENINGHR,NUMBERPARK,EMERGDEPTNUM,SINGLEBEDROOM,CONSULTANTNUM,SPECIALITYNUM,GPNUM,NURSENUM,XRAY,CTSCAN,MRI,SONOGRAPHY,longitude,latitude
0,1,KALLOOR DENTAL CLINIC,عيادة كالور للاسنان,(971)-2-6393233,drvalsa@gmail.com,(971)-2-6348948,29632,,Clinic,General Dental Clinic,,0,fasle,Private,No,,,0,,0,0,0,2,1,No,No,No,No,54.36810000000003,24.478400000000022
1,2,KAYA SKIN CARE CLINIC-MUSHRIF MALL BRANCH,عيادة كايا للعناية بالبشرة- فرع مشرف مول,(971)-2-6500634,hasana@kayame.net,(971)-2-6500633,50394,,Clinic,Specialized Medical Clinic,,1,fasle,Private,No,,,0,,0,0,1,0,1,No,No,No,No,54.412800000000004,24.434500000000014
2,3,BAYNUNAH DENTAL CLINIC LLC,عيادة بينونه للاسنان - ذ م م,(971)-3-7517701,dinesh2005shetty@yahoo.com,(971)-3-7517742,19367,,Clinic,General Dental Clinic,,0,fasle,Private,No,,,0,,0,0,0,12,1,No,No,No,No,55.768700000000024,24.221799999999973
3,4,BOMBAY MEDICAL CENTER L.L.C,مركز مومباي الطبي ذ.م.م,03-7350070,bombayclinics@gmail.com,3-7350070,13705,,Clinic,General Medical Clinic,,1,fasle,Private,No,,,0,,0,0,1,1,4,No,No,No,No,55.564700000000016,23.637800000000027
4,5,DENTAL DESIGN CLINIC,عيادة ديزاين لطب الاسنان,02-4411344,dentaldesignclinic@yahoo.com,2-4411344,61666,,Clinic,General Dental Clinic,,0,fasle,Private,No,,,0,,0,0,0,0,0,No,No,No,No,54.39100000000002,24.4495
5,6,RAKHAA AL KILANI GYNAECOLOGY CLINIC,عيادة الدكتورة رخاء الكيلاني لامراض النساء و الولادة,03-7666280,dr.ralkilani@hotmail.com,3-7633542,17122,,Clinic,Specialized Medical Clinic,,1,fasle,Private,No,,,0,,0,0,1,0,0,No,No,No,No,55.76589999999999,24.224400000000003
6,7,AL HAJJAR DENTAL CLINIC,عيادة الحجار للاسنان,(971)-3-7658155,drJamal04@hotmail.com,(971)-3-7664667,1948,,Clinic,General Dental Clinic,,0,fasle,Private,No,,,0,,0,0,0,1,0,No,No,No,No,55.764999999999986,24.224199999999996
7,8,CLINICA SMILE DENTAL CENTER L.L.C.,مركز كلينيكا سمايل لطب الأسنان ذ.م.م,(971)-02-4447144,al-kenan-clinic@hotmail.com,(971)-2-4447147,48279,,Clinic,General Dental Clinic,,0,fasle,Private,No,,,0,,0,0,0,1,0,No,No,No,No,55.765784,24.224702999999977
8,9,MCCULLOCH CLINIC L.L.C.,عيادة ماك كالوك ذ.م.م,(971)-2-6262677,mcculloch.clinic@gmail.com,(971)-2-6277311,8031,,Clinic,Specialized Medical Clinic,,0,fasle,Private,No,,,0,,0,1,0,0,1,No,No,No,No,54.36053333000001,24.490949999999998
9,10,EMIRATES DENTAL CLINIC LLC,عيادة الامارات للاسنان ذ م م,(971)-3-7663690,drbijukuruvilla@gmail.com,(971)-3-7662021,66973,,Clinic,General Dental Clinic,,0,fasle,Private,No,,,0,,0,0,0,2,0,No,No,No,No,55.76859999999999,24.221799999999973
10,11,GULF CLINIC,عيادة الخليج,(971)-3-7654373,gulfdentalclinic@gmail.com,(971)-3-7654373,14552,,Clinic,General Dental Clinic,,0,fasle,Private,No,,,0,,0,0,0,1,0,No,No,No,No,55.768399999999986,24.22120000000001
11,12,MAALI INTERNATIONAL SCHOOL CLINIC,عيادة مدرسة المعالي الدولية الخاصة,(971)-2-5591000,ismail3m@ymail.com,(971)-2-5591199,42007,,Clinic,School Clinic,,0,fasle,Private,No,,,0,,0,0,0,0,1,No,No,No,No,54.53263199999998,24.31651599999998
12,13,SSILKOR LASER HAIR REMOVAL LLC,سسيلكور لإزالة الشعر ذ.م.م,(971)-3-7630123,silkor@silkor.com,(971)-3-7623003,213916,,Clinic,Specialized Medical Clinic,,1,fasle,Private,No,,,0,,0,0,1,0,5,No,No,No,No,55.73259999999999,24.247799999999984
13,14,SUN MEDICAL CLINIC,عيادة  الشمس الطبية,03-7215434,sunclinicalain@gmail.com,3-7641449,13771,,Clinic,General Medical Clinic,,0,fasle,Private,No,,,0,,0,0,0,3,2,No,No,No,No,55.75720000000001,24.192700000000002
14,15,KAYA SKIN CARE CLINIC-BRANCH,عيادة كايا للعناية بالبشرة -فرع,(971)-2-5562911,hasana@kayame.net,(971)-2-5566337,45514,,Clinic,Specialized Medical Clinic,,1,fasle,Private,No,,,0,,0,0,1,0,1,No,No,No,No,54.573672999999985,24.439037999999982
15,16,LUMIERE SKIN CLINIC CENTER L.L.C.,مركز عيادة لوميير الجلدية ذ.م.م,02-4455510,cruzilumenkatrina@gmail.com,2-4455450,34027,,Clinic,Specialized Medical Clinic,,1,fasle,Private,No,,,0,,0,0,1,0,2,No,No,No,No,54.38185600000003,24.47850199999999
16,17,EVER CARE MEDICAL CLINIC,عيادة ايفر كير الطبية,2-5546259,evercareclinic@gmail.com,2-5546730,90862,,Clinic,General Medical Clinic,,0,fasle,Private,No,,,0,,0,0,0,2,0,No,No,No,No,54.50485800000001,24.328517999999974
17,18,PETROFAC EMIRATES L.L.C. CLINIC UZ750 PROJECT SOUTH ISLAND - ZADCO,عيادة بتروفاك الإمارات ذ.ذ.م. مشروع يو زد 750 الجزيرةالجنوبية - زادكو,(971)-2-8104236,hussein.aboudubai@perofac.com,(971)-2-8104801,9398,,Clinic,General Medical Clinic,,0,fasle,Public,No,,,0,,0,0,0,0,1,No,No,No,No,54.366348000000016,24.497944000000018
18,19,SUN MEDICAL CLINIC - BRANCH 1,عيادة الشمس الطبية - فرع 1,(971)-3-7803177,sunclinicalain@gmail.com,(971)-3-7641449,14563,,Clinic,General Medical Clinic,,0,fasle,Private,No,,,0,,0,0,0,2,2,No,No,No,No,55.757115999999996,24.192703999999992
19,20,AL MIRAGE MEDICAL CLINIC,عيادة المعراج الطبية,(971)-3-7516774,walayethabibi@hotmail.com,(971)-3-7517746,19618,,Clinic,General Medical Clinic,,0,fasle,Private,No,,,0,,0,0,0,1,1,No,No,No,No,55.75940000000003,24.2192
20,21,BEDA AL MUTAWA CLINIC,عيادة بدع المطاوعة,(971)-2-8072125,ah_saeed@seha.ae,(971)-2-8777021,77695,,Clinic,General Medical Clinic,,0,fasle,Public,No,,,0,,0,0,0,1,2,No,No,No,No,52.5686,23.78723100000002
21,22,AL ANDALUS DENTAL CLINIC,عيادة الاندلس لطب الاسنان,(971)-3-7511313,somar.algary@hotmail.com,(971)-3-7515921,1136,,Clinic,General Dental Clinic,,0,fasle,Private,No,,,0,,0,0,0,1,0,No,No,No,No,55.76310000000001,24.227599999999995
22,23,AL RAHBA DENTAL MEDICAL CLINIC,عيادة الرحبة لطب الأسنان,(971)-2-5832525,drradwan@yahoo.com,(971)-2-5835676,55508,,Clinic,General Dental Clinic,,0,fasle,Private,No,,,0,,0,0,0,5,2,No,No,No,No,54.63850000000002,24.294500000000028
23,24,KAYA BEAUTY CLINIC,عيادة كايا للتجميل,(971)-3-7620099,hasana@kayame.net,(971)-3-7628887,13525,,Clinic,Specialized Medical Clinic,,2,fasle,Private,No,,,0,,0,0,2,0,2,No,No,No,No,55.72370000000001,24.248400000000004
24,25,NAYL AL SHEFA  MEDICAL CLINICS,عياده نيلة الشفا الطبية,(971)-3-7213226,alshifaclinic@yahoo.com,(971)-3-7218911,20298,,Clinic,General Medical Clinic,,0,fasle,Private,No,,,0,,0,0,0,2,1,No,No,No,No,55.7629,24.189700000000016
25,26,NEW DENTAL CLINIC,العيادة الجديدة للاسنان,(971)-3-7510245,drpriyamary@yahoo.com,(971)-3-7511981,80349,,Clinic,General Dental Clinic,,0,fasle,Private,No,,,0,,0,0,0,3,1,No,No,No,No,55.769000000000005,24.22109999999998
26,27,CANADIAN DENTAL CLINIC,العيادة الكندية للأسنان,(971)-3-7666696,canadianalain@gmail.com,(971)-3-7800781,23156,,Clinic,General Dental Clinic,,0,fasle,Private,No,,,0,,0,0,0,3,0,No,No,No,No,55.76139999999998,24.225599999999986
27,28,DAR AL SALAM DENTAL CLINIC,عيادة دار السلام للأسنان,(971)-3-7519355,alsalamodc@gmail.com,(971)-3-7640436,23648,,Clinic,General Dental Clinic,,0,fasle,Private,No,,,0,,0,0,0,1,0,No,No,No,No,55.76920000000001,24.221000000000004
28,29,AL AIN ENGLISH SPEAKING SCHOOL CLINIC,عيادة مدرسة العين الناطقة باللغة الانجليزية,(971)-3-7678636,school@aaess.sch.ae,(971)-3-7671973,17939,,Clinic,School Clinic,,0,fasle,Private,No,,,0,,0,0,0,0,2,No,No,No,No,55.70170000000002,24.192600000000027
29,30,OUR OWN ENGLISH HIGH SCHOOL CLINIC,عيادة مدرستنا الثانوية الانجليزية الخاصة,(971)-3-7679747,hafizsha.r_ool@gemsedu.com,(971)-3-7677974,80369,,Clinic,School Clinic,,0,fasle,Private,No,,,0,,0,0,0,0,1,No,No,No,No,55.71039999999999,24.197000000000003
30,31,ZENITH DENTAL CLINIC,عيادة القمة لطب الأسنان,(971)-2-6216016,zenith129@gmail.com,(971)-2-6216017,4287,,Clinic,General Dental Clinic,,0,fasle,Private,No,,,0,,0,0,0,1,1,No,No,No,No,54.37299999999999,24.485900000000015
31,32,United private School clinic,عيادة المدرسة المتحدة الخاصة,03-7819799,info@usay-sch.net,3-7819717,15155,,Clinic,School Clinic,,0,fasle,Private,No,,,0,,0,0,0,0,1,No,No,No,No,55.56081399999999,24.227938999999992
32,33,DR. MUBARK SHAIKH CLINIC,عيادة الدكتور مبارك شيخ,2-6213435,drmshaikh40@gmail.com,2-6322719,8189,,Clinic,General Medical Clinic,,0,fasle,Private,No,,,0,,0,0,0,1,1,No,No,No,No,54.360900000000015,24.485416670000006
33,34,DR.SUAD LUTFI SPECIALIST CLINIC LLC,عيادة الدكتورة سعاد لطفي التخصصية ذ.م.م,(971)-3-7610353,abeer.j.m@hotmail.com,(971)-3-7610123,87422,,Clinic,Specialized Medical Clinic,,0,fasle,Private,No,,,0,,0,1,0,0,3,No,No,No,No,54.353842289,24.46095120299998
34,35,SHAMS POWER COMPANY P.J.S.C FIRST AID POST,عيادة شركة شمس للطاقة ش.م.خ. للاسعافات الاولية,026537200,info@shamspoerco.ae,26537200,54115,,Clinic,First Aid Post,,0,fasle,Private,No,,,0,,0,0,0,0,1,No,No,No,No,54.366019037,24.48652955199998
35,36,NORTH ISLAND CLINIC,عيادة الجزيرة الشمالية,(971)-2-6023150,mfabdulla@adnoc.com,(971)-2-6664739,892,,Clinic,General Medical Clinic,,0,fasle,Public,No,,,0,,0,0,0,1,1,No,No,No,No,54.429485,24.535540000000026
36,37,SAS AL NAKHL CLINIC,عيادة ساس النخل,(971)-2-7071275,mf@adnoc.com,(971)-2-6664739,898,,Clinic,General Medical Clinic,,0,fasle,Public,No,,,0,,0,0,0,0,2,Yes,No,No,No,54.504204141,24.420355685999994
37,38,Airport Clinic-1,عيادة المطار-1,02-4102445,ahs@seha.ae,2-4105405,111355,,Clinic,General Medical Clinic,,0,fasle,Public,No,,,0,,0,0,0,4,1,No,No,No,No,54.64775500000002,24.44067000000001
38,39,KHYBER WAZIRISTAN MEDICAL CLINIC,عيادة خيبر وزيرستان الطبي,03-7665173,khyberwaziristan@gmail.com,3-7665174,15409,,Clinic,General Medical Clinic,,0,fasle,Private,No,,,0,,0,0,0,2,2,No,No,No,No,55.761728000000005,24.203114000000028
39,40,AL SALAMA CLINIC - MEDICAL CONSULTANT,عيادة السلامة - طبيب استشاري,(971)-2-6787846,salamaclinic@gmail.com,(971)-2-6787821,7389,,Clinic,Specialized Medical Clinic,,0,fasle,Private,No,,,0,,0,1,0,0,1,No,No,No,No,54.370900000000006,24.49079999999998
40,41,SHIFA ALAIN MEDICAL CENTER,مركز شفاء العين الطبي,03-7662172,alshifaclinic@yahoo.com,3-7510233,17441,,Clinic,General Medical Clinic,,0,fasle,Private,No,,,0,,0,0,0,1,2,No,No,No,No,55.760400000000004,24.221499999999992
41,42,AL SROUR DENTAL CLINIC,عيادة السرور لطب الاسنان,03-7669910,srour99@yahoo.fr,3-7669070,18061,,Clinic,General Dental Clinic,,0,fasle,Private,No,,,0,,0,0,0,1,0,Yes,No,No,No,55.75830000000002,24.223099999999988
42,43,AL AIN OASIS DENTAL CLINIC - L L C,عياده واحه العين للاسنان- ذ م م,(971)-3-7666103,sulekhakarim@gmail.com,(971)-3-7668114,86599,,Clinic,General Dental Clinic,,0,fasle,Private,No,,,0,,0,0,0,2,0,No,No,No,No,55.769499999999994,24.220899999999972
43,44,AL ATTAR DENTAL CLINIC,عيادة العطار لطب الاسنان,3-7650990,drattar@hotmail.com,3-7650990,14609,,Clinic,General Dental Clinic,,0,fasle,Private,No,,,0,,0,0,0,1,0,No,No,No,No,55.76580000000001,24.224699999999984
44,45,AL BADAWI MEDICAL CLINICI L.L.C,عيادة البدوي الطبية ذ.م.م,(971)-3-7664585,bmclinic@hotmail.com,(971)-3-7664587,17518,,Clinic,General Medical Clinic,,0,fasle,Private,No,,,0,,0,0,0,3,3,No,No,No,No,55.776400000000024,24.21640000000002
45,46,ABU DHABI DENTAL CLINIC,عيادة طب الأسنان- أبوظبي,(971)-2-6341327,aaburney@hotmail.com,(971)-2-6341327,108533,,Clinic,General Dental Clinic,,0,fasle,Private,No,,,0,,0,0,0,4,1,No,No,No,No,54.36099999999999,24.485400000000027
46,47,AL MUZAINA DENTAL CLINIC,عيادة المزينة للأسنان,(971)-2-8841155,alkaser58@hotmail.com,(971)-2-8841155,57725,,Clinic,General Dental Clinic,,0,fasle,Private,No,,,0,,0,0,0,1,0,No,No,No,No,53.6934,23.652600000000007
47,48,MAHBOOB CLINIC,عيادة محبوب,03-7654631,mahboob289@yahoo.com,3-7654631,80022,,Clinic,General Medical Clinic,,0,fasle,Private,No,,,0,,0,0,0,1,0,No,No,No,No,55.771000000000015,24.221299999999985
48,49,CENTRAL CLINIC L.L.C,العيادة المركزيه ذ م م,02-6323497,centralclinicuae@gmail.com,2-6322267,7422,,Clinic,General Medical Clinic,,0,fasle,Private,No,,,0,,0,0,0,2,2,No,No,No,No,54.36040000000003,24.487199999999973
49,50,DR GUPTA MEDICAL CLINIC,عيادة الدكتور جوبتا الطبية,02-6337357,guptakk50@gmail.com,2-6337358,47145,,Clinic,Specialized Medical Clinic,,1,fasle,Private,No,,,0,,0,0,1,0,0,No,No,No,No,54.363999999999976,24.48599999999999
50,51,DR. AHMED KAMEL CLINIC L.L.C,عيادة الدكتور أحمد كامل ذ.م.م,02-6260040,aksattar@gmail.com,2-6260035,36181,,Clinic,Specialized Medical Clinic,,1,fasle,Private,No,,,0,,0,0,1,0,1,No,No,No,No,54.360900000000015,24.491300000000024
51,52,RIDA SODAGAR CLINIC,عيادة رضا سوداجر,2-6218005,rezasodagar@hotmail.com,2-6218006,51370,,Clinic,Specialized Medical Clinic,,0,fasle,Private,No,,,0,,0,1,0,0,1,No,No,No,No,54.36849999999998,24.49000000000001
52,53,DR. IBRAHIM AL DAJANI CLINIC,عيادة الدكتور ابراهيم الدجاني,(971)-2-6316996,dajani.adm@gmail.com,(971)-2-6328536,8143,,Clinic,General Dental Clinic,,0,fasle,Private,No,,,0,,0,0,0,1,1,No,No,No,No,54.3725,24.48660000000001
53,54,DR. KOUTHAR AL WAIDH CLINIC,عيادة الدكتور كوثر الواعظ,(971)-2-6331150,drkouther@yahoo.com,(971)-2-6331151,46002,,Clinic,General Dental Clinic,,0,fasle,Private,No,,,0,,0,0,0,2,0,No,No,No,No,54.36579999999998,24.476699999999994
54,55,AL MANHAL INTERNATONAL PRIVATE SCHOOL CLINIC,عيادة مدرسة المنهل الدولية الخاصة,(971)-2-4477208,ghareeb3789@hotmail.com,(971)-2-4478214,3110,,Clinic,School Clinic,,0,fasle,Private,No,,,0,,0,0,0,0,1,No,No,No,No,54.40980000000002,24.4289
55,56,AMERICAN COMMUNITY PRIVATE SCHOOL CLINIC,عيادة مدرسة الجالية الامريكية الخاصة,(971)-2-6815115,acs@acs.sch.ae,(971)-2-6816006,42114,,Clinic,School Clinic,,0,fasle,Private,No,,,0,,0,0,0,0,2,No,No,No,No,54.340599999999995,24.463900000000024
56,57,ELITE PRIVATE SCHOOL CLINIC,عيادة مدرسة النخبة الخاصة,(971)-2-4475800,abdulo@elitepvtschool.com,(971)-2-4479494,41231,,Clinic,School Clinic,,0,fasle,Private,No,,,0,,0,0,0,0,1,No,No,No,No,54.394499999999994,24.434900000000027
57,58,SHK. MOHAMMED BIN KHALED AL NAHYAN GENERATIONS SCHOOL CLINIC,عيادة مدرسة محمد بن خالد آل نهيان للاجيال,(971)-3-7805554,amanyrr@hotmail.com,(971)-3-7805558,18999,,Clinic,School Clinic,,0,fasle,Private,No,,,0,,0,0,0,0,1,No,No,No,No,55.721299999999985,24.1866
58,59,MERRYLAND INTERNATIONAL SCHOOL L.L.C. CLINIC,عيادة مدرسة الأرض السعيدة العالمية -ذ.م.م,(971)-2-5519626,merryhaad1@gmail.com,(971)-2-5519627,73340,,Clinic,School Clinic,,0,fasle,Private,No,,,0,,0,0,0,0,1,No,No,No,No,54.53538900000001,24.346667000000025
59,60,UNIQUE HEALTH CARE CLINIC L.L.C.,عيادة يونيك هيلث كير ذ.م.م,(971)-2-5755332,uniquecare14@yahoo.com,(971)-2-5755332,13160,,Clinic,General Medical Clinic,,0,fasle,Private,No,,,0,,0,0,0,1,1,No,No,No,No,54.500244683999995,24.37594636099999
60,61,DR NIRAN ALI GENERAL CLINIC L.L.C.,عيادة دكتورة نيران علي للطب العام ذ.م.م,(971)-2-7647797,niran56@gmail.com,(971)-2-7647797,16368,,Clinic,General Medical Clinic,,0,fasle,Private,No,,,0,,0,0,0,1,0,No,No,No,No,55.770331999999996,24.22569900000002
61,62,AL MANARA DENTAL CLINIC - L L C,عيادة المنارة للاسنان - ذ م م,(971)-2-7665441,ms-taleb@hotmail.com,(971)-2-7657227,64475,,Clinic,General Dental Clinic,,0,fasle,Private,No,,,0,,0,0,0,2,0,Yes,No,No,No,55.76010000000002,24.22539999999998
62,63,ALDIYAR  MEDICAL CLINIC,عيادة الديار الطبية,02-5620557,gukkha@yahoo.com,2-5620558,39984,,Clinic,General Dental Clinic,,0,fasle,Private,No,,,0,,0,0,0,1,0,No,No,No,No,54.7629,24.6678
63,64,AILABOUNY MEDICAL CLINIC,عيادة عيلبوني الطبية,2-6440125,jeries50@hotmail.com,2-6457004,4244,,Clinic,General Medical Clinic,,0,fasle,Private,No,,,0,,0,0,0,1,0,No,No,No,No,54.3784,24.49090000000001
64,65,AL AREEJ DENTAL CLINIC,عيادة الأريج لطب الأسنان,02-5565882,alareejdentalclinic@yahoo.com,2-5565883,79027,,Clinic,General Dental Clinic,,0,fasle,Private,No,,,0,,0,0,0,1,0,No,No,No,No,54.56509999999997,24.422500000000014
65,66,HANADI CLINIC,عيادة هنادي,037615100,hanadiclinic20001@gmail.com,3-7351400,21275,,Clinic,General Medical Clinic,,0,fasle,Private,No,,,0,,0,0,0,2,1,No,No,No,No,55.5643,23.637800000000027
66,67,KAYA SKIN CARE CLINIC-BRANCH2,عيادة كايا للعناية بالبشرة-فرع2,(971)-2-5534246,hasana@kayame.net,(971)-2-5534245,50394,,Clinic,Specialized Medical Clinic,,1,fasle,Private,No,,,0,,0,0,1,0,2,No,No,No,No,54.53789999999998,24.373199999999997
67,68,NEW HYDERABAD CLINIC,عيادة حيدراباد الجديدة,02-5522252,moinsyed@emirates.net.ae,2-6275175,46182,,Clinic,General Medical Clinic,,0,fasle,Private,No,,,0,,0,0,0,2,1,No,No,No,No,54.53019999999998,24.373299999999972
68,69,CITY CLINIC,عيادة المدينة,(971)-2-6417226,samuelgeorge82@hotmail.com,(971)-2-6417226,7346,,Clinic,General Medical Clinic,,0,fasle,Private,No,,,0,,0,0,0,2,2,No,No,No,No,54.3689,24.477599999999995
69,70,RUSSIAN EYE CLINIC,عيادة العيون الروسية,(971)-2-6263378,russianeyeclinic@gmail.com,(971)-2-6273378,73792,,Clinic,Specialized Medical Clinic,,1,fasle,Private,No,,,0,,0,0,1,0,2,No,No,No,No,54.360900000000015,24.491300000000024
70,71,SILKOR LASER HAIR REMOAVL,سيلكور لإزالة الشعر,(971)-2-6816070,silkor@hotmail.com,(971)-2-6810070,0,,Clinic,Specialized Medical Clinic,,1,fasle,Private,No,,,0,,0,0,1,0,6,No,No,No,No,54.33850000000001,24.465300000000013
71,72,DR. CHAWKY HADDAD DENTAL CLINIC,عيادة الدكتور شوقي حداد للأسنان,(971)-2-6679792,chawki_haddad@hotmail.com,(971)-2-6679248,109414,,Clinic,General Dental Clinic,,0,fasle,Private,No,,,0,,0,0,0,1,0,No,No,No,No,54.35379999999998,24.4769
72,73,DR. GHAZAL MAHERI SPECIALISED CLINIC L.L.C.,عيادة الدكتورة غزل ماهري التخصصية ذ.م.م.,(971)-3-7660014,ghazal_mahiri@yahoo.com,(971)-3-7650112,15304,,Clinic,Specialized Medical Clinic,,1,fasle,Private,No,,,0,,0,0,1,0,0,No,No,No,No,55.775800000000004,24.21719999999999
73,74,DR. MOHAMED KHALIL PEADIATRIC CLINIC L L C,عيادة الدكتور محمد خليل التخصصية للاطفال ذ م م,(971)-3-7655005,ahmed.eltatari@gmail.com,(971)-3-7655115,18166,,Clinic,Specialized Medical Clinic,,1,fasle,Private,No,,,0,,0,0,1,0,0,No,No,No,No,55.76010000000002,24.22460000000001
74,75,DR. MONA AL JAZIRI DENTAL CLINIC,عيادة الدكتورة/ منى الجزيري للاسنان,(971)-3-7662779,dr_mouna_jaziri@hotmail.com,(971)-3-7662352,17831,,Clinic,General Dental Clinic,,0,fasle,Private,No,,,0,,0,0,0,1,0,No,No,No,No,55.760400000000004,24.227300000000014
75,76,DR. TABRIZI DENTAL CLINIC,عيادة الدكتور تبريزي للاسنان,(971)-3-7662133,anistabrizi@gmail.com,(971)-3-7516153,1049,,Clinic,General Dental Clinic,,1,fasle,Private,No,,,0,,0,0,1,1,0,No,No,No,No,55.7629,24.227599999999995
76,77,AL THARWAT NATIONAL PRIVATE SCHOOL CLINIC,عيادة مدرسة الثروات الوطنية الخاصة,(971)-2-5522724,altharawatschool@hotmail.com,(971)-2-5520068,45177,,Clinic,School Clinic,,0,fasle,Private,No,,,0,,0,0,0,0,1,No,No,No,No,54.54450000000003,24.370400000000018
77,78,DR. SUAD LUTFI DERMATOLOGY & LASER CLINIC -BRANCH,عيادة الدكتورة سعاد لطفي للجلدية والعلاج بالليزر- فرع,2-6359192,abeer.j.m@hotmail.com,2-6359193,36762,,Clinic,Specialized Medical Clinic,,1,fasle,Private,No,,,0,,0,0,1,0,6,No,No,No,No,54.351699999999994,24.469100000000026
78,79,UAE UNIVERSITY CLINICS,عيادات جامعة الإمارات العربية المتحدة,3-7134013,health.services@uaeu.ac.ae,3-7136979,15551,,Clinic,General Medical Clinic,,0,fasle,Public,No,,,0,,0,0,0,0,1,No,No,No,No,55.77588333,24.21951667000002
79,80,SHELLS DENTAL CLINIC,عيادة الأصداف للأسنان,(971)-3-7800252,drpriyamary@yahoo.com,(971)-3-7511981,80349,,Clinic,General Dental Clinic,,0,fasle,Private,No,,,0,,0,0,0,1,0,No,No,No,No,55.769818999999984,24.220834000000025
80,81,AL ALIYA SPECIALIZED MEDICAL CLINIC,عيادة العلياء الطبية التخصصيه,(971)-3-7518804,alaliya_clinic@yahoo.com,(971)-3-7512188,16331,,Clinic,Specialized Medical Clinic,,1,fasle,Private,No,,,0,,0,0,1,0,0,No,No,No,No,55.77569999999997,24.217399999999998
81,82,ABU AL ABYAD CLINIC,عيادة أبو الأبيض,(971)-2-8072133,ah_saeed@seha.ae,(971)-2-8839007,50018,,Clinic,General Medical Clinic,,0,fasle,Public,No,,,0,,0,0,0,1,1,No,No,No,No,53.87189799999999,24.158260999999982
82,83,Al Daleel Dental Clinic,عيادة الدليل لطب الاسنان,(971)-2-6411711,aldaleel.dentalclinic@gmail.com,(971)-2-6419199,30309,,Clinic,General Dental Clinic,,1,fasle,Private,No,,,0,,0,0,1,1,0,No,No,No,No,54.36028700000003,24.480004000000008
83,84,INTERNATIONAL DENTAL CLINIC,العيادة الدولية للأسنان,(971)-2-6333444,dhrardawood@gmail.com,(971)-2-6333117,3569,,Clinic,General Dental Clinic,,0,fasle,Private,No,,,0,,0,0,0,1,0,No,No,No,No,54.36869999999999,24.471600000000024
84,85,BRITISH DENTAL MEDICAL CLINIC L.L.C,العيادة البريطانية لطب الاسنان ذ.م.م,2-6773308,cdbuae@gmail.com,2-6787557,4374,,Clinic,General Dental Clinic,,0,fasle,Private,No,,,0,,0,0,0,4,0,No,No,No,No,54.36989999999997,24.494899999999973
85,86,CORPOFINO DERMATOLOGY CLINIC L L C,عيادة القوام الرشيق الجلدية ذ م م,02-6396991,sanaqk@yahoo.com,2-6396992,43690,,Clinic,Specialized Medical Clinic,,1,fasle,Private,No,,,0,,0,0,1,0,2,No,No,No,No,54.36450000000002,24.4572
86,87,ROMA PAEDIATRIC CLINIC - L C C,عيادة روما لطب الأطفال - ذ م م,(971)-3-7648727,romaclinic@hotmail.com,(971)-3-7648727,88116,,Clinic,Specialized Medical Clinic,,2,fasle,Private,No,,,0,,0,0,2,0,1,No,No,No,No,55.76999999999998,24.223400000000026
87,88,SASAN OPTHALMIC SPECIALIZED CLINIC,عيادة ساسان التخصصية للعيون,03-7512447,drsasandarougar@gmail.com,3-7515629,90619,,Clinic,Specialized Medical Clinic,,1,fasle,Private,No,,,0,,0,0,1,0,1,No,No,No,No,55.76310000000001,24.225799999999992
88,89,AL DHAFRA DENTAL SPECIALIZED CLINIC,عيادة الظفرة التخصصية للأسنان,(971)-2-6341447,rajehniveen@yahoo.com,(971)-2-6341557,47576,,Clinic,General Dental Clinic,,0,fasle,Private,No,,,0,,0,0,0,2,0,No,No,No,No,54.360900000000015,24.48660000000001
89,90,AL HUDA DENTAL CLINIC,عياة الهدى للأسنان,(971)-2-5833818,rasheddent@hotmail.com,(971)-2-5836276,10485,,Clinic,General Dental Clinic,,0,fasle,Private,No,,,0,,0,0,0,1,1,No,No,No,No,54.6386,24.29680000000002
90,91,Abu Dhabi Grammar School (Canada) - L L C Clinic,عيادة مدرسة أبوظبي جرامر سكول ( كندا ) - ذ م م,(971)-2-6444703,agsadmin@agsgrmmr.sch.ae,(971)-2-6454703,27161,,Clinic,School Clinic,,0,fasle,Private,No,,,0,,0,0,0,0,1,No,No,No,No,54.38080000000002,24.491899999999987
91,92,SMILE DENTAL CLINIC L.L.C,عيادة الإبتسامة للأسنان ذ.م.م,(971)-2-6218700,smilelements@gmail.com,(971)-2-6219010,105492,,Clinic,General Dental Clinic,,0,fasle,Private,No,,,0,,0,0,0,2,0,No,No,No,No,54.3501,24.482700000000023
92,93,DR SALIHA DENTAL CLINIC L.L.C.,عيادة الدكتورة صليحة للاسنان ذ.م.م,03-7557643,saliha-ayad@hotmail.com,3-7688198,1333,,Clinic,General Dental Clinic,,0,fasle,Private,No,,,0,,0,0,0,1,0,No,No,No,No,55.76519999999999,24.227199999999982
93,94,Doctor Abdallah Azzam  Paediatric Clinic LLC,عيادة الدكتور عبد الله عزام لطب الأطفال - ذ.م.م,02-6344185,azzam5@emirates.net.ae,2-6344182,93563,,Clinic,Specialized Medical Clinic,,0,fasle,Private,No,,,0,,0,2,0,0,0,No,No,No,No,54.35531666999998,24.479899999999986
94,95,BEAUTICA DENTAL CLINIC - SOLE PROPRIETORSHIP L.L.C.,عيادة بيوتيكا للاسنان - شركة الشخص الواحد ذ م م,026655236,lio.map123@gmail.com,26655236,60203,,Clinic,General Dental Clinic,,0,fasle,Private,No,,,0,,0,0,0,1,0,No,No,No,No,54.362138000000016,24.488560000000007
95,96,Dubai Smile Dental Clinic L.L.C - Branch 1,عيادة ابتسامة دبي لطب الاسنان ذ.م.م - فرع 1,(971)-2-6433577,shagran75@yahoo.com,(971)-2-6650555,65961,,Clinic,General Dental Clinic,,0,fasle,Private,No,,,0,,0,0,0,4,1,No,No,No,No,54.38940000000002,24.47289999999998
96,97,AL AWADA CLINIC FOR UROLOGY  & INFERTILITY L L C,عيادة العوده للمسالك البوليه والعقم ذ م م,(971)-3-7511958,dr.ayyad@yahoo.com,(971)-3-7511958,14175,,Clinic,Specialized Medical Clinic,,1,fasle,Private,No,,,0,,0,0,1,0,0,No,No,No,No,55.76729999999998,24.221900000000005
97,98,CORAL DENTAL CLINIC,عيادة كورال للاسنان,(971)-3-7370047,coraldental16@gmail.com,(971)-3-7803480,24141,,Clinic,General Dental Clinic,,0,fasle,Private,No,,,0,,0,0,0,2,1,No,No,No,No,55.63145609999998,24.213778900000023
98,99,COSMEDICS MEDICAL CENTER FOR SKIN AND DENTAL,مركز كوزميدكس الطبي للجلدية وطب الأسنان,02-5544321,wasimkanakria@gmail.com,2-4130001,2552,,Clinic,Specialized Medical Clinic,,1,fasle,Private,No,,,0,,0,0,1,1,1,No,No,No,No,54.57209999999998,24.431399999999996
99,100,CONSOLIDATED CONTRACTORS INTERNATIONAL COMPANY CLINIC,عيادة  شركة اتحاد المقاولين العالمية,(971)-2-6276500,hkelliny@ccc.net,(971)-2-6276400,224,,Clinic,General Medical Clinic,,0,fasle,Private,No,,,0,,0,0,0,1,4,No,No,No,No,54.35899999999998,24.489800000000002
100,101,DR. FAIZ HADDAD CLINIC,عيادة الدكتور  فائز حداد,(971)-2-6271299,h3haddad@emirates.net.ae,(971)-2-6270493,5108,,Clinic,General Medical Clinic,,0,fasle,Private,No,,,0,,0,0,0,1,0,No,No,No,No,54.36059999999998,24.48829999999998
101,102,DR. GHALEB KHALAILI PEDIATRIC CLINIC,عيادة الدكتور غالب خلايلي لطب الاطفال,(971)-3-7666998,g_khalayli@yahoo.com,(971)-3-7663998,17285,,Clinic,Specialized Medical Clinic,,1,fasle,Private,No,,,0,,0,0,1,0,0,No,No,No,No,55.76850000000002,24.224800000000016
102,103,DR. OMER AL ATRASH CLINIC,عيادة الدكتور عمر الأطرش,(971)-2-6276644,omaralatrashdentalclinic@yahoo.com,(971)-2-6276601,45541,,Clinic,General Dental Clinic,,0,fasle,Private,No,,,0,,0,0,0,1,0,No,No,No,No,54.360900000000015,24.491300000000024
103,104,LIWA INTERNATIONAL SCHOOL CLINIC - LLC,عيادة مدرسة ليوا الدولية - ذ م م,(971)-3-7810444,info@liwaschool.com,(971)-3-7810544,81685,,Clinic,School Clinic,,0,fasle,Private,No,,,0,,0,0,0,2,1,No,No,No,No,55.710500000000025,24.19290000000001
104,105,ALDHWAA PRIVATE SCHOOL CLINIC,عيادة مدرسة الأضواء الخاصة,(971)-3-7828870,adwa@aladhwa-sch.net,(971)-3-7828836,64997,,Clinic,School Clinic,,0,fasle,Private,No,,,0,,0,0,0,0,1,No,No,No,No,55.725300000000004,24.20060000000001
105,106,THE BRITISH CLINIC,العيادة البريطانية,(971)-2-6771252,thebritishclinic@hotmail.com,(971)-2-6724171,47269,,Clinic,Specialized Medical Clinic,,1,fasle,Private,No,,,0,,0,0,1,0,2,No,No,No,No,54.36989999999997,24.494899999999973
106,107,VICTORY DENTAL MEDICAL CLINIC L.L.C.,عيادة النصر لطب الأسنان ذ.م.م,02-6262955,vdc102004@hotmail.com,2-6263155,47923,,Clinic,General Dental Clinic,,0,fasle,Private,No,,,0,,0,0,0,2,0,No,No,No,No,54.35789999999997,24.490200000000016
107,108,WAZIRUSTAN CLINIC,عيادة وزيرستان,(971)-2-8741400,cupids94@yahoo.com,(971)-2-8743227,12252,,Clinic,General Medical Clinic,,0,fasle,Private,No,,,0,,0,0,0,3,1,No,No,No,No,52.80849999999998,23.842399999999998
108,109,MAX CARE Medical Clinic,عيادة ماكس كير الطبي,02-5555097,abu_hmaid111@hotmail.com,2-5555188,12873,,Clinic,General Medical Clinic,,0,fasle,Private,No,,,0,,0,0,0,1,2,No,No,No,No,54.37206666999998,24.49705
109,110,KHYBER MEDICAL CLINIC,عيادة خيبر الطبية,(971)-2-8841524,khybermedc@gmail.com,(971)-2-8841512,294010,,Clinic,General Medical Clinic,,0,fasle,Private,No,,,0,,0,0,0,1,1,No,No,No,No,54.37483900000001,24.475932999999998
110,111,SOUTH ISLAND CLINIC,عيادة الجزيرة الجنوبية,(971)-2-6023150,mfabdulla@adnoc.com,(971)-2-6664739,892,,Clinic,General Medical Clinic,,0,fasle,Public,No,,,0,,0,0,0,1,2,No,No,No,No,54.36619400000001,24.497777999999983
111,112,ABU DHABI OIL COMPANY. LIMITED - JAPAN-  CLINIC,عيادة شركة  نفط أبوظبي المحدودة - اليابان,02-6087290,nakawa@adoc.ae,2-6663935,630,,Clinic,General Medical Clinic,,0,fasle,Private,No,,,0,,0,0,0,1,0,No,No,No,No,54.34280000000001,24.468799999999987
112,113,AL AMEERA DENTAL CLINIC L.L.C,عيادة الاميرة للاسنان ذ.م.م,2-6449566,ameeradc@outlook.com,2-6397887,51733,,Clinic,General Dental Clinic,,0,fasle,Private,No,,,0,,0,0,0,3,0,No,No,No,No,54.35980000000001,24.48610000000002
113,114,DABBAYIA CLINIC,عيادة الضبعية,02-7071275,mfabdulla@adnoc.ae,2-7071334,898,,Clinic,General Medical Clinic,,0,fasle,Public,No,,,0,,0,0,0,0,1,No,No,No,No,54.114125,24.306230000000028
114,115,AL NASEEB MEDICAL CLINIC,عيادة النصيب الطبية,(971)-3-7322611,alnaseebclinic@hotmail.com,(971)-3-7551794,21241,,Clinic,General Medical Clinic,,0,fasle,Private,No,,,0,,0,0,0,1,0,No,No,No,No,55.74029999999999,24.58929999999998
115,116,MARIAM MEDICAL CLINIC,عيادة مريم الطبية,(971)-2-6214626,ahmedsufyan60@yahoo.com,(971)-2-6322594,25935,,Clinic,General Medical Clinic,,0,fasle,Private,No,,,0,,0,0,0,3,3,No,No,No,No,54.36020000000002,24.485599999999977
116,117,BASHIRA SPECIALIZED MEDICAL CLINIC,عيادة بشيرة الطبية التخصصية,(971)-2-6219995,bashesmc@yahoo.com,(971)-2-6219975,8071,,Clinic,Specialized Medical Clinic,,0,fasle,Private,No,,,0,,0,1,0,0,1,No,No,No,No,54.367999999999995,24.491899999999987
117,118,DIAMOND DENTAL CLINIC,عيادةالماسة للأسنان,(971)-2-6763322,cdiamond@eim.ae,(971)-2-6780988,44989,,Clinic,General Dental Clinic,,0,fasle,Private,No,,,0,,0,0,0,3,0,No,No,No,No,54.372799999999984,24.495900000000006
118,119,RETAJ  DENTAL  CLINIC,عيادة ريتاج للاسنان,02-6334959,retajdentalclinic2010@gmail.com,2-6334960,32271,,Clinic,General Dental Clinic,,0,fasle,Private,No,,,0,,0,0,0,2,3,No,No,No,No,54.35730000000001,24.47980000000001
119,120,ROYAL SPECIALIZED DENTAL CLINIC,العيادة الملكية التخصصية لطب الاسنان,(971)-2-6323993,royalsdc@yahoo.com,(971)-2-6323582,39818,,Clinic,Specialized Dental Clinic,,1,fasle,Private,No,,,0,,0,0,1,0,0,No,No,No,No,54.3673,24.490599999999972
120,121,AL DHAHERI MEDICAL CLINIC,عيادة الظاهري الطبية,02-7656882,tourani@emirates.net.ae,2-7668619,15299,,Clinic,General Medical Clinic,,0,fasle,Private,No,,,0,,0,0,0,1,0,No,No,No,No,55.773300000000006,24.220700000000022
121,122,AL INSAAF MEDICAL CLINIC L.L.C.,عيادة الأنصاف الطبية ذ.م.م,(971)-3-7666458,ghafari379@hotmail.com,(971)-3-7666458,15698,,Clinic,General Medical Clinic,,0,fasle,Private,No,,,0,,0,0,0,1,1,No,No,No,No,55.7654,24.22109999999998
122,123,AL MAHDI MEDICAL CLINIC,عيادة المهدي الطبية,03-7666098,almahdimedicalclinic@hotmail.com,3-7666198,1751,,Clinic,Specialized Medical Clinic,,1,fasle,Private,No,,,0,,0,0,1,0,0,No,No,No,No,55.76310000000001,24.225799999999992
123,124,Dr. MOOPENS MEDICAL CLINIC LLC,عيادة دكتور موبانس الطبية ذ م  م,2-5557078,musaffa@asterclinics.com,2-5557776,91092,,Clinic,General Medical Clinic,,0,fasle,Private,No,,,0,,0,0,0,3,4,No,No,No,No,54.5102,24.374199999999973
124,125,INTERNATIONAL PRIVATE SCHOOL OF CHOUEIFAT LLC CLINIC,عيادة مدرسة الشويفات الدولية الخاصة ذ م م,(971)-2-4461444,iscad@sabis.net,(971)-2-4461048,7212,,Clinic,School Clinic,,0,fasle,Private,No,,,0,,0,0,0,0,1,No,No,No,No,54.38229999999999,24.455300000000022
125,126,Mayfair Medical Centre,مركز مايفير الطبي,02-6660899,ceo@omeirco.ae,2-6224333,109109,,Clinic,Specialized Medical Clinic,,2,fasle,Private,No,,,0,,0,0,2,0,2,No,No,No,No,54.35045500000001,24.462266
126,127,MOHAMMED ALMAHMOOD ORTHO-SPINE CONSULTATION CLINIC L L C,عيادة محمد المحمود الاستشارية لجراحة العظام والعمود الفقري ذ م م,03-7640361,oscc@eim.ae,3-7640362,24438,,Clinic,Specialized Medical Clinic,,0,fasle,Private,No,,,0,,0,1,0,0,1,No,No,No,No,55.77210000000002,24.221799999999973
127,128,EMIRATES STEEL INDUSTRIES CO. P.J.S (EMIRATES STEEL),شركة الامارات لصناعات الحديد ش.م.ع (حديد الامارات),(971)-2-4422758,bassem.alazawi@gmail.com,(971)-2-4422759,9022,,Clinic,General Medical Clinic,,0,fasle,Public,No,,,0,,0,0,0,1,2,No,No,No,No,54.47129699999999,24.321316669999987
128,129,AL SALAMA CLINIC - L L C,عيادة السلامة  - ذ م م,02-7655344,fufu.n.salama.dr55@gmail.com,2-7655341,16715,,Clinic,Specialized Medical Clinic,,1,fasle,Private,No,,,0,,0,0,1,0,1,No,No,No,No,55.77620000000002,24.216600000000028
129,130,ALDERA DENTAL CLINIC L L C,عيادة الديره لطب الاسنان ذ م م,(971)-3-7664757,deradental@eim.ae,(971)-3-7664565,14307,,Clinic,General Dental Clinic,,0,fasle,Private,No,,,0,,0,0,0,2,0,No,No,No,No,55.78019999999998,24.22289999999998
130,131,ALI MEDICAL CLINIC,عيادة علي الطبية,(971)-3-7666551,alimedicalalain@gmail.com,(971)-3-7652552,64423,,Clinic,General Medical Clinic,,0,fasle,Private,No,,,0,,0,0,0,1,1,No,No,No,No,55.76510000000002,24.221000000000004
131,132,AMANA SPECIALIZED MEDICAL CLINIC,عيادة أمانة التخصصية,(971)-2-6228660,tamemsaker@hotmail.com,(971)-2-6228662,114207,,Clinic,Specialized Medical Clinic,,1,fasle,Private,No,,,0,,0,0,1,0,1,No,No,No,No,54.350300000000004,24.48180000000002
132,133,ANSAM DENTAL CLINIC,عيادة أنسام للأسنان,02-6392299,ansamclinic@gmail.com,2-6341199,6485,,Clinic,General Dental Clinic,,0,fasle,Private,No,,,0,,0,0,0,2,0,No,No,No,No,54.36759999999998,24.48939999999999
133,134,BLOOMING BUDS NURSERY CLINIC,عيادة حضانة بلومنغ بدز,(971)-2-4918068,blooms68@eim.ae,(971)-2-4918069,60392,,Clinic,School Clinic,,0,fasle,Private,No,,,0,,0,0,0,0,1,No,No,No,No,54.37374299999999,24.434564000000023
134,135,INTERCONTINENTAL DENTAL CLINIC,عيادة انتركونتيننتال للاسنان,02-6665323,rajae@advdent.ae,2-6669153,4171,,Clinic,General Dental Clinic,,0,fasle,Private,No,,,0,,0,0,0,1,1,No,No,No,No,54.328599999999994,24.457299999999975
135,136,KAYA BEAUTY CLINIC - BRANCH 1,عيادة كايا للتجميل - فرع 1,(971)-3-7849554,hasana@kayame.net,(971)-3-7849558,13525,,Clinic,Specialized Medical Clinic,,1,fasle,Private,No,,,0,,0,0,1,0,1,No,No,No,No,54.57420000000002,24.43889999999999
136,137,KAYA SKIN CARE CLINIC- BRANCH 3-ABUDHABI MALL,عيادة كايا للعناية بالبشرة - فرع3- ابو ظبي مول,(971)-2-6435033,hasana@kayame.net,(971)-2-6435030,45514,,Clinic,Specialized Medical Clinic,,1,fasle,Private,No,,,0,,0,0,1,0,1,No,No,No,No,54.38330000000002,24.49599999999998
137,138,NATIONAL DENTAL CLINIC,العيادة الوطنية للاسنان,(971)-3-7654071,ndcal1978@gmail.com,(971)-3-7654071,24093,,Clinic,General Dental Clinic,,0,fasle,Private,No,,,0,,0,0,0,2,0,No,No,No,No,55.768399999999986,24.22120000000001
138,139,AL KARAMA MEDICAL CLINIC L.L.C,عيادة الكرامة الطبية ذ.م.م,(971)-2-5834988,naazsss54@yahoo.com,(971)-2-5834901,25693,,Clinic,General Medical Clinic,,0,fasle,Private,No,,,0,,0,0,0,1,1,No,No,No,No,54.63900000000001,24.29649999999998
139,140,DR. ALLISSAR KHOURY CLINIC,عيادة  الدكتورة  اليسار خوري,2-6275275,drkhoury@emirates.net.ae,2-6272827,45541,,Clinic,Specialized Medical Clinic,,1,fasle,Private,No,,,0,,0,0,1,0,1,No,No,No,No,54.360900000000015,24.491300000000024
140,141,DR. SABAH AL SAKBAN MEDICAL CLINIC,عيادة الدكتور صباح الصكبان,02-6330990,ssagban@eim.ae,2-6331002,7972,,Clinic,Specialized Medical Clinic,,1,fasle,Private,No,,,0,,0,0,1,0,1,No,No,No,No,54.367999999999995,24.491899999999987
141,142,AL DHAFRA PRIVATE SCHOOLS CLINIC,عيادة مدارس الظفرة الخاصة,(971)-2-5599883,dhafrasc@eim.ae,(971)-2-6108400,22351,,Clinic,School Clinic,,0,fasle,Private,No,,,0,,0,0,0,0,3,No,No,No,No,54.42700000000002,24.44240000000002
142,143,Leon Dental Center LLC,مركز ليون للاسنان ذ.م.م,(971)-2-6417600,leondentalcenter@gmail.com,(971)-2-6417470,27422,,Clinic,General Dental Clinic,,1,fasle,Private,No,,,0,,0,0,1,2,0,Yes,No,No,No,54.37461667000002,24.473716669999988
143,144,SARHAD MEDICAL CLINIC,عيادة سرحد الطبية,(971)-2-5544887,sayedmohammad@hotmail.com,(971)-2-5523388,8698,,Clinic,General Medical Clinic,,0,fasle,Private,No,,,0,,0,0,0,3,2,No,No,No,No,54.51650000000001,24.376199999999983
144,145,INFINTI CLINIC FOR GENERAL MEDICINE L.L.C.,عيادة انفنتي للطب العام ذ.م.م,02-8882622,infinti.clinic@gmail.com,2-8845354,50199,,Clinic,General Medical Clinic,,0,fasle,Private,No,,,0,,0,0,0,4,3,No,No,No,No,54.36483199999998,24.480732999999987
145,146,CLINIC DODSAL ENGINEERING AND CONSTRUCTION PTE LTD.- RUMAITHA BRANCH,عيادة دودسال انجينيرنغ اند كونستراكشن بي تي ئي ليمتد- فرع الرميثة,(971)-2-6129100,ahmed.ali@dodsaldxb.ae,(971)-2-6129250,701,,Clinic,General Medical Clinic,,0,fasle,Private,No,,,0,,0,0,0,0,1,No,No,No,No,54.32305600000001,24.065832999999998
146,147,AL ASRIA EYE CLINIC,عيادة العيون العصرية,03-7513939,eye@eye.ae,3-7510526,66296,,Clinic,Specialized Medical Clinic,,1,fasle,Private,No,,,0,,0,0,1,0,3,No,No,No,No,55.76010000000002,24.228099999999984
